nen,n,x,y
2,0,-1.000000,1.000000
2,0,-0.991968,0.995984
2,0,-0.983936,0.991968
2,0,-0.975904,0.987952
2,0,-0.967871,0.983936
2,0,-0.959839,0.979920
2,0,-0.951807,0.975904
2,0,-0.943775,0.971888
2,0,-0.935743,0.967871
2,0,-0.927711,0.963855
2,0,-0.919679,0.959839
2,0,-0.911647,0.955823
2,0,-0.903614,0.951807
2,0,-0.895582,0.947791
2,0,-0.887550,0.943775
2,0,-0.879518,0.939759
2,0,-0.871486,0.935743
2,0,-0.863454,0.931727
2,0,-0.855422,0.927711
2,0,-0.847390,0.923695
2,0,-0.839357,0.919679
2,0,-0.831325,0.915663
2,0,-0.823293,0.911647
2,0,-0.815261,0.907631
2,0,-0.807229,0.903614
2,0,-0.799197,0.899598
2,0,-0.791165,0.895582
2,0,-0.783133,0.891566
2,0,-0.775100,0.887550
2,0,-0.767068,0.883534
2,0,-0.759036,0.879518
2,0,-0.751004,0.875502
2,0,-0.742972,0.871486
2,0,-0.734940,0.867470
2,0,-0.726908,0.863454
2,0,-0.718876,0.859438
2,0,-0.710843,0.855422
2,0,-0.702811,0.851406
2,0,-0.694779,0.847390
2,0,-0.686747,0.843373
2,0,-0.678715,0.839357
2,0,-0.670683,0.835341
2,0,-0.662651,0.831325
2,0,-0.654618,0.827309
2,0,-0.646586,0.823293
2,0,-0.638554,0.819277
2,0,-0.630522,0.815261
2,0,-0.622490,0.811245
2,0,-0.614458,0.807229
2,0,-0.606426,0.803213
2,0,-0.598394,0.799197
2,0,-0.590361,0.795181
2,0,-0.582329,0.791165
2,0,-0.574297,0.787149
2,0,-0.566265,0.783133
2,0,-0.558233,0.779116
2,0,-0.550201,0.775100
2,0,-0.542169,0.771084
2,0,-0.534137,0.767068
2,0,-0.526104,0.763052
2,0,-0.518072,0.759036
2,0,-0.510040,0.755020
2,0,-0.502008,0.751004
2,0,-0.493976,0.746988
2,0,-0.485944,0.742972
2,0,-0.477912,0.738956
2,0,-0.469880,0.734940
2,0,-0.461847,0.730924
2,0,-0.453815,0.726908
2,0,-0.445783,0.722892
2,0,-0.437751,0.718876
2,0,-0.429719,0.714859
2,0,-0.421687,0.710843
2,0,-0.413655,0.706827
2,0,-0.405622,0.702811
2,0,-0.397590,0.698795
2,0,-0.389558,0.694779
2,0,-0.381526,0.690763
2,0,-0.373494,0.686747
2,0,-0.365462,0.682731
2,0,-0.357430,0.678715
2,0,-0.349398,0.674699
2,0,-0.341365,0.670683
2,0,-0.333333,0.666667
2,0,-0.325301,0.662651
2,0,-0.317269,0.658635
2,0,-0.309237,0.654618
2,0,-0.301205,0.650602
2,0,-0.293173,0.646586
2,0,-0.285141,0.642570
2,0,-0.277108,0.638554
2,0,-0.269076,0.634538
2,0,-0.261044,0.630522
2,0,-0.253012,0.626506
2,0,-0.244980,0.622490
2,0,-0.236948,0.618474
2,0,-0.228916,0.614458
2,0,-0.220884,0.610442
2,0,-0.212851,0.606426
2,0,-0.204819,0.602410
2,0,-0.196787,0.598394
2,0,-0.188755,0.594378
2,0,-0.180723,0.590361
2,0,-0.172691,0.586345
2,0,-0.164659,0.582329
2,0,-0.156627,0.578313
2,0,-0.148594,0.574297
2,0,-0.140562,0.570281
2,0,-0.132530,0.566265
2,0,-0.124498,0.562249
2,0,-0.116466,0.558233
2,0,-0.108434,0.554217
2,0,-0.100402,0.550201
2,0,-0.092369,0.546185
2,0,-0.084337,0.542169
2,0,-0.076305,0.538153
2,0,-0.068273,0.534137
2,0,-0.060241,0.530120
2,0,-0.052209,0.526104
2,0,-0.044177,0.522088
2,0,-0.036145,0.518072
2,0,-0.028112,0.514056
2,0,-0.020080,0.510040
2,0,-0.012048,0.506024
2,0,-0.004016,0.502008
2,0,0.004016,0.497992
2,0,0.012048,0.493976
2,0,0.020080,0.489960
2,0,0.028112,0.485944
2,0,0.036145,0.481928
2,0,0.044177,0.477912
2,0,0.052209,0.473896
2,0,0.060241,0.469880
2,0,0.068273,0.465863
2,0,0.076305,0.461847
2,0,0.084337,0.457831
2,0,0.092369,0.453815
2,0,0.100402,0.449799
2,0,0.108434,0.445783
2,0,0.116466,0.441767
2,0,0.124498,0.437751
2,0,0.132530,0.433735
2,0,0.140562,0.429719
2,0,0.148594,0.425703
2,0,0.156627,0.421687
2,0,0.164659,0.417671
2,0,0.172691,0.413655
2,0,0.180723,0.409639
2,0,0.188755,0.405622
2,0,0.196787,0.401606
2,0,0.204819,0.397590
2,0,0.212851,0.393574
2,0,0.220884,0.389558
2,0,0.228916,0.385542
2,0,0.236948,0.381526
2,0,0.244980,0.377510
2,0,0.253012,0.373494
2,0,0.261044,0.369478
2,0,0.269076,0.365462
2,0,0.277108,0.361446
2,0,0.285141,0.357430
2,0,0.293173,0.353414
2,0,0.301205,0.349398
2,0,0.309237,0.345382
2,0,0.317269,0.341365
2,0,0.325301,0.337349
2,0,0.333333,0.333333
2,0,0.341365,0.329317
2,0,0.349398,0.325301
2,0,0.357430,0.321285
2,0,0.365462,0.317269
2,0,0.373494,0.313253
2,0,0.381526,0.309237
2,0,0.389558,0.305221
2,0,0.397590,0.301205
2,0,0.405622,0.297189
2,0,0.413655,0.293173
2,0,0.421687,0.289157
2,0,0.429719,0.285141
2,0,0.437751,0.281124
2,0,0.445783,0.277108
2,0,0.453815,0.273092
2,0,0.461847,0.269076
2,0,0.469880,0.265060
2,0,0.477912,0.261044
2,0,0.485944,0.257028
2,0,0.493976,0.253012
2,0,0.502008,0.248996
2,0,0.510040,0.244980
2,0,0.518072,0.240964
2,0,0.526104,0.236948
2,0,0.534137,0.232932
2,0,0.542169,0.228916
2,0,0.550201,0.224900
2,0,0.558233,0.220884
2,0,0.566265,0.216867
2,0,0.574297,0.212851
2,0,0.582329,0.208835
2,0,0.590361,0.204819
2,0,0.598394,0.200803
2,0,0.606426,0.196787
2,0,0.614458,0.192771
2,0,0.622490,0.188755
2,0,0.630522,0.184739
2,0,0.638554,0.180723
2,0,0.646586,0.176707
2,0,0.654618,0.172691
2,0,0.662651,0.168675
2,0,0.670683,0.164659
2,0,0.678715,0.160643
2,0,0.686747,0.156627
2,0,0.694779,0.152610
2,0,0.702811,0.148594
2,0,0.710843,0.144578
2,0,0.718876,0.140562
2,0,0.726908,0.136546
2,0,0.734940,0.132530
2,0,0.742972,0.128514
2,0,0.751004,0.124498
2,0,0.759036,0.120482
2,0,0.767068,0.116466
2,0,0.775100,0.112450
2,0,0.783133,0.108434
2,0,0.791165,0.104418
2,0,0.799197,0.100402
2,0,0.807229,0.096386
2,0,0.815261,0.092369
2,0,0.823293,0.088353
2,0,0.831325,0.084337
2,0,0.839357,0.080321
2,0,0.847390,0.076305
2,0,0.855422,0.072289
2,0,0.863454,0.068273
2,0,0.871486,0.064257
2,0,0.879518,0.060241
2,0,0.887550,0.056225
2,0,0.895582,0.052209
2,0,0.903614,0.048193
2,0,0.911647,0.044177
2,0,0.919679,0.040161
2,0,0.927711,0.036145
2,0,0.935743,0.032129
2,0,0.943775,0.028112
2,0,0.951807,0.024096
2,0,0.959839,0.020080
2,0,0.967871,0.016064
2,0,0.975904,0.012048
2,0,0.983936,0.008032
2,0,0.991968,0.004016
2,0,1.000000,-0.000000
2,1,-1.000000,0.000000
2,1,-0.991968,0.004016
2,1,-0.983936,0.008032
2,1,-0.975904,0.012048
2,1,-0.967871,0.016064
2,1,-0.959839,0.020080
2,1,-0.951807,0.024096
2,1,-0.943775,0.028112
2,1,-0.935743,0.032129
2,1,-0.927711,0.036145
2,1,-0.919679,0.040161
2,1,-0.911647,0.044177
2,1,-0.903614,0.048193
2,1,-0.895582,0.052209
2,1,-0.887550,0.056225
2,1,-0.879518,0.060241
2,1,-0.871486,0.064257
2,1,-0.863454,0.068273
2,1,-0.855422,0.072289
2,1,-0.847390,0.076305
2,1,-0.839357,0.080321
2,1,-0.831325,0.084337
2,1,-0.823293,0.088353
2,1,-0.815261,0.092369
2,1,-0.807229,0.096386
2,1,-0.799197,0.100402
2,1,-0.791165,0.104418
2,1,-0.783133,0.108434
2,1,-0.775100,0.112450
2,1,-0.767068,0.116466
2,1,-0.759036,0.120482
2,1,-0.751004,0.124498
2,1,-0.742972,0.128514
2,1,-0.734940,0.132530
2,1,-0.726908,0.136546
2,1,-0.718876,0.140562
2,1,-0.710843,0.144578
2,1,-0.702811,0.148594
2,1,-0.694779,0.152610
2,1,-0.686747,0.156627
2,1,-0.678715,0.160643
2,1,-0.670683,0.164659
2,1,-0.662651,0.168675
2,1,-0.654618,0.172691
2,1,-0.646586,0.176707
2,1,-0.638554,0.180723
2,1,-0.630522,0.184739
2,1,-0.622490,0.188755
2,1,-0.614458,0.192771
2,1,-0.606426,0.196787
2,1,-0.598394,0.200803
2,1,-0.590361,0.204819
2,1,-0.582329,0.208835
2,1,-0.574297,0.212851
2,1,-0.566265,0.216867
2,1,-0.558233,0.220884
2,1,-0.550201,0.224900
2,1,-0.542169,0.228916
2,1,-0.534137,0.232932
2,1,-0.526104,0.236948
2,1,-0.518072,0.240964
2,1,-0.510040,0.244980
2,1,-0.502008,0.248996
2,1,-0.493976,0.253012
2,1,-0.485944,0.257028
2,1,-0.477912,0.261044
2,1,-0.469880,0.265060
2,1,-0.461847,0.269076
2,1,-0.453815,0.273092
2,1,-0.445783,0.277108
2,1,-0.437751,0.281124
2,1,-0.429719,0.285141
2,1,-0.421687,0.289157
2,1,-0.413655,0.293173
2,1,-0.405622,0.297189
2,1,-0.397590,0.301205
2,1,-0.389558,0.305221
2,1,-0.381526,0.309237
2,1,-0.373494,0.313253
2,1,-0.365462,0.317269
2,1,-0.357430,0.321285
2,1,-0.349398,0.325301
2,1,-0.341365,0.329317
2,1,-0.333333,0.333333
2,1,-0.325301,0.337349
2,1,-0.317269,0.341365
2,1,-0.309237,0.345382
2,1,-0.301205,0.349398
2,1,-0.293173,0.353414
2,1,-0.285141,0.357430
2,1,-0.277108,0.361446
2,1,-0.269076,0.365462
2,1,-0.261044,0.369478
2,1,-0.253012,0.373494
2,1,-0.244980,0.377510
2,1,-0.236948,0.381526
2,1,-0.228916,0.385542
2,1,-0.220884,0.389558
2,1,-0.212851,0.393574
2,1,-0.204819,0.397590
2,1,-0.196787,0.401606
2,1,-0.188755,0.405622
2,1,-0.180723,0.409639
2,1,-0.172691,0.413655
2,1,-0.164659,0.417671
2,1,-0.156627,0.421687
2,1,-0.148594,0.425703
2,1,-0.140562,0.429719
2,1,-0.132530,0.433735
2,1,-0.124498,0.437751
2,1,-0.116466,0.441767
2,1,-0.108434,0.445783
2,1,-0.100402,0.449799
2,1,-0.092369,0.453815
2,1,-0.084337,0.457831
2,1,-0.076305,0.461847
2,1,-0.068273,0.465863
2,1,-0.060241,0.469880
2,1,-0.052209,0.473896
2,1,-0.044177,0.477912
2,1,-0.036145,0.481928
2,1,-0.028112,0.485944
2,1,-0.020080,0.489960
2,1,-0.012048,0.493976
2,1,-0.004016,0.497992
2,1,0.004016,0.502008
2,1,0.012048,0.506024
2,1,0.020080,0.510040
2,1,0.028112,0.514056
2,1,0.036145,0.518072
2,1,0.044177,0.522088
2,1,0.052209,0.526104
2,1,0.060241,0.530120
2,1,0.068273,0.534137
2,1,0.076305,0.538153
2,1,0.084337,0.542169
2,1,0.092369,0.546185
2,1,0.100402,0.550201
2,1,0.108434,0.554217
2,1,0.116466,0.558233
2,1,0.124498,0.562249
2,1,0.132530,0.566265
2,1,0.140562,0.570281
2,1,0.148594,0.574297
2,1,0.156627,0.578313
2,1,0.164659,0.582329
2,1,0.172691,0.586345
2,1,0.180723,0.590361
2,1,0.188755,0.594378
2,1,0.196787,0.598394
2,1,0.204819,0.602410
2,1,0.212851,0.606426
2,1,0.220884,0.610442
2,1,0.228916,0.614458
2,1,0.236948,0.618474
2,1,0.244980,0.622490
2,1,0.253012,0.626506
2,1,0.261044,0.630522
2,1,0.269076,0.634538
2,1,0.277108,0.638554
2,1,0.285141,0.642570
2,1,0.293173,0.646586
2,1,0.301205,0.650602
2,1,0.309237,0.654618
2,1,0.317269,0.658635
2,1,0.325301,0.662651
2,1,0.333333,0.666667
2,1,0.341365,0.670683
2,1,0.349398,0.674699
2,1,0.357430,0.678715
2,1,0.365462,0.682731
2,1,0.373494,0.686747
2,1,0.381526,0.690763
2,1,0.389558,0.694779
2,1,0.397590,0.698795
2,1,0.405622,0.702811
2,1,0.413655,0.706827
2,1,0.421687,0.710843
2,1,0.429719,0.714859
2,1,0.437751,0.718876
2,1,0.445783,0.722892
2,1,0.453815,0.726908
2,1,0.461847,0.730924
2,1,0.469880,0.734940
2,1,0.477912,0.738956
2,1,0.485944,0.742972
2,1,0.493976,0.746988
2,1,0.502008,0.751004
2,1,0.510040,0.755020
2,1,0.518072,0.759036
2,1,0.526104,0.763052
2,1,0.534137,0.767068
2,1,0.542169,0.771084
2,1,0.550201,0.775100
2,1,0.558233,0.779116
2,1,0.566265,0.783133
2,1,0.574297,0.787149
2,1,0.582329,0.791165
2,1,0.590361,0.795181
2,1,0.598394,0.799197
2,1,0.606426,0.803213
2,1,0.614458,0.807229
2,1,0.622490,0.811245
2,1,0.630522,0.815261
2,1,0.638554,0.819277
2,1,0.646586,0.823293
2,1,0.654618,0.827309
2,1,0.662651,0.831325
2,1,0.670683,0.835341
2,1,0.678715,0.839357
2,1,0.686747,0.843373
2,1,0.694779,0.847390
2,1,0.702811,0.851406
2,1,0.710843,0.855422
2,1,0.718876,0.859438
2,1,0.726908,0.863454
2,1,0.734940,0.867470
2,1,0.742972,0.871486
2,1,0.751004,0.875502
2,1,0.759036,0.879518
2,1,0.767068,0.883534
2,1,0.775100,0.887550
2,1,0.783133,0.891566
2,1,0.791165,0.895582
2,1,0.799197,0.899598
2,1,0.807229,0.903614
2,1,0.815261,0.907631
2,1,0.823293,0.911647
2,1,0.831325,0.915663
2,1,0.839357,0.919679
2,1,0.847390,0.923695
2,1,0.855422,0.927711
2,1,0.863454,0.931727
2,1,0.871486,0.935743
2,1,0.879518,0.939759
2,1,0.887550,0.943775
2,1,0.895582,0.947791
2,1,0.903614,0.951807
2,1,0.911647,0.955823
2,1,0.919679,0.959839
2,1,0.927711,0.963855
2,1,0.935743,0.967871
2,1,0.943775,0.971888
2,1,0.951807,0.975904
2,1,0.959839,0.979920
2,1,0.967871,0.983936
2,1,0.975904,0.987952
2,1,0.983936,0.991968
2,1,0.991968,0.995984
2,1,1.000000,1.000000
3,0,-1.000000,1.000000
3,0,-0.991968,0.987984
3,0,-0.983936,0.976033
3,0,-0.975904,0.964146
3,0,-0.967871,0.952323
3,0,-0.959839,0.940565
3,0,-0.951807,0.928872
3,0,-0.943775,0.917243
3,0,-0.935743,0.905679
3,0,-0.927711,0.894179
3,0,-0.919679,0.882744
3,0,-0.911647,0.871373
3,0,-0.903614,0.860067
3,0,-0.895582,0.848825
3,0,-0.887550,0.837648
3,0,-0.879518,0.826535
3,0,-0.871486,0.815487
3,0,-0.863454,0.804503
3,0,-0.855422,0.793584
3,0,-0.847390,0.782729
3,0,-0.839357,0.771939
3,0,-0.831325,0.761214
3,0,-0.823293,0.750552
3,0,-0.815261,0.739956
3,0,-0.807229,0.729424
3,0,-0.799197,0.718956
3,0,-0.791165,0.708553
3,0,-0.783133,0.698215
3,0,-0.775100,0.687941
3,0,-0.767068,0.677731
3,0,-0.759036,0.667586
3,0,-0.751004,0.657506
3,0,-0.742972,0.647490
3,0,-0.734940,0.637538
3,0,-0.726908,0.627651
3,0,-0.718876,0.617829
3,0,-0.710843,0.608071
3,0,-0.702811,0.598377
3,0,-0.694779,0.588749
3,0,-0.686747,0.579184
3,0,-0.678715,0.569684
3,0,-0.670683,0.560249
3,0,-0.662651,0.550878
3,0,-0.654618,0.541572
3,0,-0.646586,0.532330
3,0,-0.638554,0.523153
3,0,-0.630522,0.514040
3,0,-0.622490,0.504992
3,0,-0.614458,0.496008
3,0,-0.606426,0.487089
3,0,-0.598394,0.478234
3,0,-0.590361,0.469444
3,0,-0.582329,0.460718
3,0,-0.574297,0.452057
3,0,-0.566265,0.443461
3,0,-0.558233,0.434928
3,0,-0.550201,0.426461
3,0,-0.542169,0.418058
3,0,-0.534137,0.409719
3,0,-0.526104,0.401445
3,0,-0.518072,0.393236
3,0,-0.510040,0.385091
3,0,-0.502008,0.377010
3,0,-0.493976,0.368994
3,0,-0.485944,0.361043
3,0,-0.477912,0.353156
3,0,-0.469880,0.345333
3,0,-0.461847,0.337575
3,0,-0.453815,0.329882
3,0,-0.445783,0.322253
3,0,-0.437751,0.314688
3,0,-0.429719,0.307189
3,0,-0.421687,0.299753
3,0,-0.413655,0.292382
3,0,-0.405622,0.285076
3,0,-0.397590,0.277834
3,0,-0.389558,0.270657
3,0,-0.381526,0.263544
3,0,-0.373494,0.256496
3,0,-0.365462,0.249512
3,0,-0.357430,0.242593
3,0,-0.349398,0.235738
3,0,-0.341365,0.228948
3,0,-0.333333,0.222222
3,0,-0.325301,0.215561
3,0,-0.317269,0.208964
3,0,-0.309237,0.202432
3,0,-0.301205,0.195965
3,0,-0.293173,0.189561
3,0,-0.285141,0.183223
3,0,-0.277108,0.176949
3,0,-0.269076,0.170739
3,0,-0.261044,0.164594
3,0,-0.253012,0.158514
3,0,-0.244980,0.152498
3,0,-0.236948,0.146546
3,0,-0.228916,0.140659
3,0,-0.220884,0.134837
3,0,-0.212851,0.129079
3,0,-0.204819,0.123385
3,0,-0.196787,0.117756
3,0,-0.188755,0.112192
3,0,-0.180723,0.106692
3,0,-0.172691,0.101256
3,0,-0.164659,0.095886
3,0,-0.156627,0.090579
3,0,-0.148594,0.085337
3,0,-0.140562,0.080160
3,0,-0.132530,0.075047
3,0,-0.124498,0.069999
3,0,-0.116466,0.065015
3,0,-0.108434,0.060096
3,0,-0.100402,0.055241
3,0,-0.092369,0.050451
3,0,-0.084337,0.045725
3,0,-0.076305,0.041064
3,0,-0.068273,0.036467
3,0,-0.060241,0.031935
3,0,-0.052209,0.027467
3,0,-0.044177,0.023064
3,0,-0.036145,0.018726
3,0,-0.028112,0.014451
3,0,-0.020080,0.010242
3,0,-0.012048,0.006097
3,0,-0.004016,0.002016
3,0,0.004016,-0.002000
3,0,0.012048,-0.005952
3,0,0.020080,-0.009839
3,0,0.028112,-0.013661
3,0,0.036145,-0.017419
3,0,0.044177,-0.021113
3,0,0.052209,-0.024742
3,0,0.060241,-0.028306
3,0,0.068273,-0.031806
3,0,0.076305,-0.035241
3,0,0.084337,-0.038612
3,0,0.092369,-0.041919
3,0,0.100402,-0.045161
3,0,0.108434,-0.048338
3,0,0.116466,-0.051451
3,0,0.124498,-0.054499
3,0,0.132530,-0.057483
3,0,0.140562,-0.060402
3,0,0.148594,-0.063257
3,0,0.156627,-0.066047
3,0,0.164659,-0.068773
3,0,0.172691,-0.071434
3,0,0.180723,-0.074031
3,0,0.188755,-0.076563
3,0,0.196787,-0.079031
3,0,0.204819,-0.081434
3,0,0.212851,-0.083773
3,0,0.220884,-0.086047
3,0,0.228916,-0.088257
3,0,0.236948,-0.090402
3,0,0.244980,-0.092482
3,0,0.253012,-0.094498
3,0,0.261044,-0.096450
3,0,0.269076,-0.098337
3,0,0.277108,-0.100160
3,0,0.285141,-0.101918
3,0,0.293173,-0.103611
3,0,0.301205,-0.105240
3,0,0.309237,-0.106805
3,0,0.317269,-0.108305
3,0,0.325301,-0.109740
3,0,0.333333,-0.111111
3,0,0.341365,-0.112418
3,0,0.349398,-0.113659
3,0,0.357430,-0.114837
3,0,0.365462,-0.115950
3,0,0.373494,-0.116998
3,0,0.381526,-0.117982
3,0,0.389558,-0.118901
3,0,0.397590,-0.119756
3,0,0.405622,-0.120546
3,0,0.413655,-0.121272
3,0,0.421687,-0.121934
3,0,0.429719,-0.122530
3,0,0.437751,-0.123063
3,0,0.445783,-0.123530
3,0,0.453815,-0.123933
3,0,0.461847,-0.124272
3,0,0.469880,-0.124546
3,0,0.477912,-0.124756
3,0,0.485944,-0.124901
3,0,0.493976,-0.124982
3,0,0.502008,-0.124998
3,0,0.510040,-0.124950
3,0,0.518072,-0.124837
3,0,0.526104,-0.124659
3,0,0.534137,-0.124417
3,0,0.542169,-0.124111
3,0,0.550201,-0.123740
3,0,0.558233,-0.123304
3,0,0.566265,-0.122804
3,0,0.574297,-0.122240
3,0,0.582329,-0.121611
3,0,0.590361,-0.120917
3,0,0.598394,-0.120159
3,0,0.606426,-0.119337
3,0,0.614458,-0.118450
3,0,0.622490,-0.117498
3,0,0.630522,-0.116482
3,0,0.638554,-0.115401
3,0,0.646586,-0.114256
3,0,0.654618,-0.113047
3,0,0.662651,-0.111772
3,0,0.670683,-0.110434
3,0,0.678715,-0.109030
3,0,0.686747,-0.107563
3,0,0.694779,-0.106031
3,0,0.702811,-0.104434
3,0,0.710843,-0.102773
3,0,0.718876,-0.101047
3,0,0.726908,-0.099256
3,0,0.734940,-0.097402
3,0,0.742972,-0.095482
3,0,0.751004,-0.093498
3,0,0.759036,-0.091450
3,0,0.767068,-0.089337
3,0,0.775100,-0.087160
3,0,0.783133,-0.084918
3,0,0.791165,-0.082612
3,0,0.799197,-0.080241
3,0,0.807229,-0.077805
3,0,0.815261,-0.075305
3,0,0.823293,-0.072741
3,0,0.831325,-0.070112
3,0,0.839357,-0.067418
3,0,0.847390,-0.064660
3,0,0.855422,-0.061838
3,0,0.863454,-0.058951
3,0,0.871486,-0.055999
3,0,0.879518,-0.052983
3,0,0.887550,-0.049902
3,0,0.895582,-0.046757
3,0,0.903614,-0.043548
3,0,0.911647,-0.040274
3,0,0.919679,-0.036935
3,0,0.927711,-0.033532
3,0,0.935743,-0.030064
3,0,0.943775,-0.026532
3,0,0.951807,-0.022935
3,0,0.959839,-0.019274
3,0,0.967871,-0.015548
3,0,0.975904,-0.011758
3,0,0.983936,-0.007903
3,0,0.991968,-0.003984
3,0,1.000000,0.000000
3,1,-1.000000,0.000000
3,1,-0.991968,0.016000
3,1,-0.983936,0.031870
3,1,-0.975904,0.047612
3,1,-0.967871,0.063225
3,1,-0.959839,0.078708
3,1,-0.951807,0.094063
3,1,-0.943775,0.109289
3,1,-0.935743,0.124385
3,1,-0.927711,0.139353
3,1,-0.919679,0.154191
3,1,-0.911647,0.168901
3,1,-0.903614,0.183481
3,1,-0.895582,0.197932
3,1,-0.887550,0.212255
3,1,-0.879518,0.226448
3,1,-0.871486,0.240512
3,1,-0.863454,0.254448
3,1,-0.855422,0.268254
3,1,-0.847390,0.281931
3,1,-0.839357,0.295479
3,1,-0.831325,0.308898
3,1,-0.823293,0.322188
3,1,-0.815261,0.335349
3,1,-0.807229,0.348381
3,1,-0.799197,0.361284
3,1,-0.791165,0.374058
3,1,-0.783133,0.386703
3,1,-0.775100,0.399219
3,1,-0.767068,0.411606
3,1,-0.759036,0.423864
3,1,-0.751004,0.435993
3,1,-0.742972,0.447993
3,1,-0.734940,0.459864
3,1,-0.726908,0.471605
3,1,-0.718876,0.483218
3,1,-0.710843,0.494702
3,1,-0.702811,0.506056
3,1,-0.694779,0.517282
3,1,-0.686747,0.528379
3,1,-0.678715,0.539346
3,1,-0.670683,0.550185
3,1,-0.662651,0.560894
3,1,-0.654618,0.571475
3,1,-0.646586,0.581926
3,1,-0.638554,0.592249
3,1,-0.630522,0.602442
3,1,-0.622490,0.612506
3,1,-0.614458,0.622442
3,1,-0.606426,0.632248
3,1,-0.598394,0.641925
3,1,-0.590361,0.651473
3,1,-0.582329,0.660893
3,1,-0.574297,0.670183
3,1,-0.566265,0.679344
3,1,-0.558233,0.688376
3,1,-0.550201,0.697279
3,1,-0.542169,0.706053
3,1,-0.534137,0.714698
3,1,-0.526104,0.723214
3,1,-0.518072,0.731601
3,1,-0.510040,0.739859
3,1,-0.502008,0.747988
3,1,-0.493976,0.755988
3,1,-0.485944,0.763859
3,1,-0.477912,0.771600
3,1,-0.469880,0.779213
3,1,-0.461847,0.786697
3,1,-0.453815,0.794052
3,1,-0.445783,0.801277
3,1,-0.437751,0.808374
3,1,-0.429719,0.815342
3,1,-0.421687,0.822180
3,1,-0.413655,0.828890
3,1,-0.405622,0.835470
3,1,-0.397590,0.841922
3,1,-0.389558,0.848244
3,1,-0.381526,0.854438
3,1,-0.373494,0.860502
3,1,-0.365462,0.866438
3,1,-0.357430,0.872244
3,1,-0.349398,0.877921
3,1,-0.341365,0.883470
3,1,-0.333333,0.888889
3,1,-0.325301,0.894179
3,1,-0.317269,0.899340
3,1,-0.309237,0.904373
3,1,-0.301205,0.909276
3,1,-0.293173,0.914050
3,1,-0.285141,0.918695
3,1,-0.277108,0.923211
3,1,-0.269076,0.927598
3,1,-0.261044,0.931856
3,1,-0.253012,0.935985
3,1,-0.244980,0.939985
3,1,-0.236948,0.943856
3,1,-0.228916,0.947598
3,1,-0.220884,0.951210
3,1,-0.212851,0.954694
3,1,-0.204819,0.958049
3,1,-0.196787,0.961275
3,1,-0.188755,0.964372
3,1,-0.180723,0.967339
3,1,-0.172691,0.970178
3,1,-0.164659,0.972888
3,1,-0.156627,0.975468
3,1,-0.148594,0.977920
3,1,-0.140562,0.980242
3,1,-0.132530,0.982436
3,1,-0.124498,0.984500
3,1,-0.116466,0.986436
3,1,-0.108434,0.988242
3,1,-0.100402,0.989920
3,1,-0.092369,0.991468
3,1,-0.084337,0.992887
3,1,-0.076305,0.994178
3,1,-0.068273,0.995339
3,1,-0.060241,0.996371
3,1,-0.052209,0.997274
3,1,-0.044177,0.998048
3,1,-0.036145,0.998694
3,1,-0.028112,0.999210
3,1,-0.020080,0.999597
3,1,-0.012048,0.999855
3,1,-0.004016,0.999984
3,1,0.004016,0.999984
3,1,0.012048,0.999855
3,1,0.020080,0.999597
3,1,0.028112,0.999210
3,1,0.036145,0.998694
3,1,0.044177,0.998048
3,1,0.052209,0.997274
3,1,0.060241,0.996371
3,1,0.068273,0.995339
3,1,0.076305,0.994178
3,1,0.084337,0.992887
3,1,0.092369,0.991468
3,1,0.100402,0.989920
3,1,0.108434,0.988242
3,1,0.116466,0.986436
3,1,0.124498,0.984500
3,1,0.132530,0.982436
3,1,0.140562,0.980242
3,1,0.148594,0.977920
3,1,0.156627,0.975468
3,1,0.164659,0.972888
3,1,0.172691,0.970178
3,1,0.180723,0.967339
3,1,0.188755,0.964372
3,1,0.196787,0.961275
3,1,0.204819,0.958049
3,1,0.212851,0.954694
3,1,0.220884,0.951210
3,1,0.228916,0.947598
3,1,0.236948,0.943856
3,1,0.244980,0.939985
3,1,0.253012,0.935985
3,1,0.261044,0.931856
3,1,0.269076,0.927598
3,1,0.277108,0.923211
3,1,0.285141,0.918695
3,1,0.293173,0.914050
3,1,0.301205,0.909276
3,1,0.309237,0.904373
3,1,0.317269,0.899340
3,1,0.325301,0.894179
3,1,0.333333,0.888889
3,1,0.341365,0.883470
3,1,0.349398,0.877921
3,1,0.357430,0.872244
3,1,0.365462,0.866438
3,1,0.373494,0.860502
3,1,0.381526,0.854438
3,1,0.389558,0.848244
3,1,0.397590,0.841922
3,1,0.405622,0.835470
3,1,0.413655,0.828890
3,1,0.421687,0.822180
3,1,0.429719,0.815342
3,1,0.437751,0.808374
3,1,0.445783,0.801277
3,1,0.453815,0.794052
3,1,0.461847,0.786697
3,1,0.469880,0.779213
3,1,0.477912,0.771600
3,1,0.485944,0.763859
3,1,0.493976,0.755988
3,1,0.502008,0.747988
3,1,0.510040,0.739859
3,1,0.518072,0.731601
3,1,0.526104,0.723214
3,1,0.534137,0.714698
3,1,0.542169,0.706053
3,1,0.550201,0.697279
3,1,0.558233,0.688376
3,1,0.566265,0.679344
3,1,0.574297,0.670183
3,1,0.582329,0.660893
3,1,0.590361,0.651473
3,1,0.598394,0.641925
3,1,0.606426,0.632248
3,1,0.614458,0.622442
3,1,0.622490,0.612506
3,1,0.630522,0.602442
3,1,0.638554,0.592249
3,1,0.646586,0.581926
3,1,0.654618,0.571475
3,1,0.662651,0.560894
3,1,0.670683,0.550185
3,1,0.678715,0.539346
3,1,0.686747,0.528379
3,1,0.694779,0.517282
3,1,0.702811,0.506056
3,1,0.710843,0.494702
3,1,0.718876,0.483218
3,1,0.726908,0.471605
3,1,0.734940,0.459864
3,1,0.742972,0.447993
3,1,0.751004,0.435993
3,1,0.759036,0.423864
3,1,0.767068,0.411606
3,1,0.775100,0.399219
3,1,0.783133,0.386703
3,1,0.791165,0.374058
3,1,0.799197,0.361284
3,1,0.807229,0.348381
3,1,0.815261,0.335349
3,1,0.823293,0.322188
3,1,0.831325,0.308898
3,1,0.839357,0.295479
3,1,0.847390,0.281931
3,1,0.855422,0.268254
3,1,0.863454,0.254448
3,1,0.871486,0.240512
3,1,0.879518,0.226448
3,1,0.887550,0.212255
3,1,0.895582,0.197932
3,1,0.903614,0.183481
3,1,0.911647,0.168901
3,1,0.919679,0.154191
3,1,0.927711,0.139353
3,1,0.935743,0.124385
3,1,0.943775,0.109289
3,1,0.951807,0.094063
3,1,0.959839,0.078708
3,1,0.967871,0.063225
3,1,0.975904,0.047612
3,1,0.983936,0.031870
3,1,0.991968,0.016000
3,1,1.000000,-0.000000
3,2,-1.000000,-0.000000
3,2,-0.991968,-0.003984
3,2,-0.983936,-0.007903
3,2,-0.975904,-0.011758
3,2,-0.967871,-0.015548
3,2,-0.959839,-0.019274
3,2,-0.951807,-0.022935
3,2,-0.943775,-0.026532
3,2,-0.935743,-0.030064
3,2,-0.927711,-0.033532
3,2,-0.919679,-0.036935
3,2,-0.911647,-0.040274
3,2,-0.903614,-0.043548
3,2,-0.895582,-0.046757
3,2,-0.887550,-0.049902
3,2,-0.879518,-0.052983
3,2,-0.871486,-0.055999
3,2,-0.863454,-0.058951
3,2,-0.855422,-0.061838
3,2,-0.847390,-0.064660
3,2,-0.839357,-0.067418
3,2,-0.831325,-0.070112
3,2,-0.823293,-0.072741
3,2,-0.815261,-0.075305
3,2,-0.807229,-0.077805
3,2,-0.799197,-0.080241
3,2,-0.791165,-0.082612
3,2,-0.783133,-0.084918
3,2,-0.775100,-0.087160
3,2,-0.767068,-0.089337
3,2,-0.759036,-0.091450
3,2,-0.751004,-0.093498
3,2,-0.742972,-0.095482
3,2,-0.734940,-0.097402
3,2,-0.726908,-0.099256
3,2,-0.718876,-0.101047
3,2,-0.710843,-0.102773
3,2,-0.702811,-0.104434
3,2,-0.694779,-0.106031
3,2,-0.686747,-0.107563
3,2,-0.678715,-0.109030
3,2,-0.670683,-0.110434
3,2,-0.662651,-0.111772
3,2,-0.654618,-0.113047
3,2,-0.646586,-0.114256
3,2,-0.638554,-0.115401
3,2,-0.630522,-0.116482
3,2,-0.622490,-0.117498
3,2,-0.614458,-0.118450
3,2,-0.606426,-0.119337
3,2,-0.598394,-0.120159
3,2,-0.590361,-0.120917
3,2,-0.582329,-0.121611
3,2,-0.574297,-0.122240
3,2,-0.566265,-0.122804
3,2,-0.558233,-0.123304
3,2,-0.550201,-0.123740
3,2,-0.542169,-0.124111
3,2,-0.534137,-0.124417
3,2,-0.526104,-0.124659
3,2,-0.518072,-0.124837
3,2,-0.510040,-0.124950
3,2,-0.502008,-0.124998
3,2,-0.493976,-0.124982
3,2,-0.485944,-0.124901
3,2,-0.477912,-0.124756
3,2,-0.469880,-0.124546
3,2,-0.461847,-0.124272
3,2,-0.453815,-0.123933
3,2,-0.445783,-0.123530
3,2,-0.437751,-0.123063
3,2,-0.429719,-0.122530
3,2,-0.421687,-0.121934
3,2,-0.413655,-0.121272
3,2,-0.405622,-0.120546
3,2,-0.397590,-0.119756
3,2,-0.389558,-0.118901
3,2,-0.381526,-0.117982
3,2,-0.373494,-0.116998
3,2,-0.365462,-0.115950
3,2,-0.357430,-0.114837
3,2,-0.349398,-0.113659
3,2,-0.341365,-0.112418
3,2,-0.333333,-0.111111
3,2,-0.325301,-0.109740
3,2,-0.317269,-0.108305
3,2,-0.309237,-0.106805
3,2,-0.301205,-0.105240
3,2,-0.293173,-0.103611
3,2,-0.285141,-0.101918
3,2,-0.277108,-0.100160
3,2,-0.269076,-0.098337
3,2,-0.261044,-0.096450
3,2,-0.253012,-0.094498
3,2,-0.244980,-0.092482
3,2,-0.236948,-0.090402
3,2,-0.228916,-0.088257
3,2,-0.220884,-0.086047
3,2,-0.212851,-0.083773
3,2,-0.204819,-0.081434
3,2,-0.196787,-0.079031
3,2,-0.188755,-0.076563
3,2,-0.180723,-0.074031
3,2,-0.172691,-0.071434
3,2,-0.164659,-0.068773
3,2,-0.156627,-0.066047
3,2,-0.148594,-0.063257
3,2,-0.140562,-0.060402
3,2,-0.132530,-0.057483
3,2,-0.124498,-0.054499
3,2,-0.116466,-0.051451
3,2,-0.108434,-0.048338
3,2,-0.100402,-0.045161
3,2,-0.092369,-0.041919
3,2,-0.084337,-0.038612
3,2,-0.076305,-0.035241
3,2,-0.068273,-0.031806
3,2,-0.060241,-0.028306
3,2,-0.052209,-0.024742
3,2,-0.044177,-0.021113
3,2,-0.036145,-0.017419
3,2,-0.028112,-0.013661
3,2,-0.020080,-0.009839
3,2,-0.012048,-0.005952
3,2,-0.004016,-0.002000
3,2,0.004016,0.002016
3,2,0.012048,0.006097
3,2,0.020080,0.010242
3,2,0.028112,0.014451
3,2,0.036145,0.018726
3,2,0.044177,0.023064
3,2,0.052209,0.027467
3,2,0.060241,0.031935
3,2,0.068273,0.036467
3,2,0.076305,0.041064
3,2,0.084337,0.045725
3,2,0.092369,0.050451
3,2,0.100402,0.055241
3,2,0.108434,0.060096
3,2,0.116466,0.065015
3,2,0.124498,0.069999
3,2,0.132530,0.075047
3,2,0.140562,0.080160
3,2,0.148594,0.085337
3,2,0.156627,0.090579
3,2,0.164659,0.095886
3,2,0.172691,0.101256
3,2,0.180723,0.106692
3,2,0.188755,0.112192
3,2,0.196787,0.117756
3,2,0.204819,0.123385
3,2,0.212851,0.129079
3,2,0.220884,0.134837
3,2,0.228916,0.140659
3,2,0.236948,0.146546
3,2,0.244980,0.152498
3,2,0.253012,0.158514
3,2,0.261044,0.164594
3,2,0.269076,0.170739
3,2,0.277108,0.176949
3,2,0.285141,0.183223
3,2,0.293173,0.189561
3,2,0.301205,0.195965
3,2,0.309237,0.202432
3,2,0.317269,0.208964
3,2,0.325301,0.215561
3,2,0.333333,0.222222
3,2,0.341365,0.228948
3,2,0.349398,0.235738
3,2,0.357430,0.242593
3,2,0.365462,0.249512
3,2,0.373494,0.256496
3,2,0.381526,0.263544
3,2,0.389558,0.270657
3,2,0.397590,0.277834
3,2,0.405622,0.285076
3,2,0.413655,0.292382
3,2,0.421687,0.299753
3,2,0.429719,0.307189
3,2,0.437751,0.314688
3,2,0.445783,0.322253
3,2,0.453815,0.329882
3,2,0.461847,0.337575
3,2,0.469880,0.345333
3,2,0.477912,0.353156
3,2,0.485944,0.361043
3,2,0.493976,0.368994
3,2,0.502008,0.377010
3,2,0.510040,0.385091
3,2,0.518072,0.393236
3,2,0.526104,0.401445
3,2,0.534137,0.409719
3,2,0.542169,0.418058
3,2,0.550201,0.426461
3,2,0.558233,0.434928
3,2,0.566265,0.443461
3,2,0.574297,0.452057
3,2,0.582329,0.460718
3,2,0.590361,0.469444
3,2,0.598394,0.478234
3,2,0.606426,0.487089
3,2,0.614458,0.496008
3,2,0.622490,0.504992
3,2,0.630522,0.514040
3,2,0.638554,0.523153
3,2,0.646586,0.532330
3,2,0.654618,0.541572
3,2,0.662651,0.550878
3,2,0.670683,0.560249
3,2,0.678715,0.569684
3,2,0.686747,0.579184
3,2,0.694779,0.588749
3,2,0.702811,0.598377
3,2,0.710843,0.608071
3,2,0.718876,0.617829
3,2,0.726908,0.627651
3,2,0.734940,0.637538
3,2,0.742972,0.647490
3,2,0.751004,0.657506
3,2,0.759036,0.667586
3,2,0.767068,0.677731
3,2,0.775100,0.687941
3,2,0.783133,0.698215
3,2,0.791165,0.708553
3,2,0.799197,0.718956
3,2,0.807229,0.729424
3,2,0.815261,0.739956
3,2,0.823293,0.750552
3,2,0.831325,0.761214
3,2,0.839357,0.771939
3,2,0.847390,0.782729
3,2,0.855422,0.793584
3,2,0.863454,0.804503
3,2,0.871486,0.815487
3,2,0.879518,0.826535
3,2,0.887550,0.837648
3,2,0.895582,0.848825
3,2,0.903614,0.860067
3,2,0.911647,0.871373
3,2,0.919679,0.882744
3,2,0.927711,0.894179
3,2,0.935743,0.905679
3,2,0.943775,0.917243
3,2,0.951807,0.928872
3,2,0.959839,0.940565
3,2,0.967871,0.952323
3,2,0.975904,0.964146
3,2,0.983936,0.976033
3,2,0.991968,0.987984
3,2,1.000000,1.000000
4,0,-1.000000,1.000000
4,0,-0.991968,0.978057
4,0,-0.983936,0.956402
4,0,-0.975904,0.935034
4,0,-0.967871,0.913950
4,0,-0.959839,0.893151
4,0,-0.951807,0.872633
4,0,-0.943775,0.852394
4,0,-0.935743,0.832434
4,0,-0.927711,0.812750
4,0,-0.919679,0.793341
4,0,-0.911647,0.774204
4,0,-0.903614,0.755339
4,0,-0.895582,0.736743
4,0,-0.887550,0.718414
4,0,-0.879518,0.700352
4,0,-0.871486,0.682553
4,0,-0.863454,0.665017
4,0,-0.855422,0.647741
4,0,-0.847390,0.630724
4,0,-0.839357,0.613965
4,0,-0.831325,0.597460
4,0,-0.823293,0.581209
4,0,-0.815261,0.565210
4,0,-0.807229,0.549462
4,0,-0.799197,0.533961
4,0,-0.791165,0.518707
4,0,-0.783133,0.503698
4,0,-0.775100,0.488932
4,0,-0.767068,0.474407
4,0,-0.759036,0.460122
4,0,-0.751004,0.446075
4,0,-0.742972,0.432264
4,0,-0.734940,0.418687
4,0,-0.726908,0.405343
4,0,-0.718876,0.392230
4,0,-0.710843,0.379346
4,0,-0.702811,0.366689
4,0,-0.694779,0.354258
4,0,-0.686747,0.342050
4,0,-0.678715,0.330065
4,0,-0.670683,0.318300
4,0,-0.662651,0.306754
4,0,-0.654618,0.295425
4,0,-0.646586,0.284310
4,0,-0.638554,0.273410
4,0,-0.630522,0.262720
4,0,-0.622490,0.252241
4,0,-0.614458,0.241969
4,0,-0.606426,0.231905
4,0,-0.598394,0.222044
4,0,-0.590361,0.212387
4,0,-0.582329,0.202930
4,0,-0.574297,0.193674
4,0,-0.566265,0.184614
4,0,-0.558233,0.175751
4,0,-0.550201,0.167081
4,0,-0.542169,0.158605
4,0,-0.534137,0.150318
4,0,-0.526104,0.142221
4,0,-0.518072,0.134311
4,0,-0.510040,0.126586
4,0,-0.502008,0.119044
4,0,-0.493976,0.111685
4,0,-0.485944,0.104506
4,0,-0.477912,0.097505
4,0,-0.469880,0.090681
4,0,-0.461847,0.084031
4,0,-0.453815,0.077555
4,0,-0.445783,0.071250
4,0,-0.437751,0.065115
4,0,-0.429719,0.059148
4,0,-0.421687,0.053347
4,0,-0.413655,0.047710
4,0,-0.405622,0.042236
4,0,-0.397590,0.036923
4,0,-0.389558,0.031769
4,0,-0.381526,0.026772
4,0,-0.373494,0.021931
4,0,-0.365462,0.017244
4,0,-0.357430,0.012709
4,0,-0.349398,0.008325
4,0,-0.341365,0.004089
4,0,-0.333333,-0.000000
4,0,-0.325301,-0.003944
4,0,-0.317269,-0.007744
4,0,-0.309237,-0.011403
4,0,-0.301205,-0.014922
4,0,-0.293173,-0.018302
4,0,-0.285141,-0.021546
4,0,-0.277108,-0.024656
4,0,-0.269076,-0.027633
4,0,-0.261044,-0.030478
4,0,-0.253012,-0.033194
4,0,-0.244980,-0.035783
4,0,-0.236948,-0.038245
4,0,-0.228916,-0.040583
4,0,-0.220884,-0.042799
4,0,-0.212851,-0.044894
4,0,-0.204819,-0.046871
4,0,-0.196787,-0.048730
4,0,-0.188755,-0.050473
4,0,-0.180723,-0.052103
4,0,-0.172691,-0.053621
4,0,-0.164659,-0.055029
4,0,-0.156627,-0.056329
4,0,-0.148594,-0.057521
4,0,-0.140562,-0.058609
4,0,-0.132530,-0.059594
4,0,-0.124498,-0.060477
4,0,-0.116466,-0.061261
4,0,-0.108434,-0.061946
4,0,-0.100402,-0.062536
4,0,-0.092369,-0.063030
4,0,-0.084337,-0.063433
4,0,-0.076305,-0.063744
4,0,-0.068273,-0.063966
4,0,-0.060241,-0.064101
4,0,-0.052209,-0.064150
4,0,-0.044177,-0.064115
4,0,-0.036145,-0.063998
4,0,-0.028112,-0.063800
4,0,-0.020080,-0.063524
4,0,-0.012048,-0.063170
4,0,-0.004016,-0.062742
4,0,0.004016,-0.062240
4,0,0.012048,-0.061666
4,0,0.020080,-0.061023
4,0,0.028112,-0.060311
4,0,0.036145,-0.059533
4,0,0.044177,-0.058690
4,0,0.052209,-0.057784
4,0,0.060241,-0.056817
4,0,0.068273,-0.055790
4,0,0.076305,-0.054706
4,0,0.084337,-0.053565
4,0,0.092369,-0.052371
4,0,0.100402,-0.051124
4,0,0.108434,-0.049826
4,0,0.116466,-0.048480
4,0,0.124498,-0.047086
4,0,0.132530,-0.045646
4,0,0.140562,-0.044163
4,0,0.148594,-0.042638
4,0,0.156627,-0.041073
4,0,0.164659,-0.039469
4,0,0.172691,-0.037829
4,0,0.180723,-0.036153
4,0,0.188755,-0.034445
4,0,0.196787,-0.032704
4,0,0.204819,-0.030935
4,0,0.212851,-0.029137
4,0,0.220884,-0.027313
4,0,0.228916,-0.025464
4,0,0.236948,-0.023593
4,0,0.244980,-0.021700
4,0,0.253012,-0.019789
4,0,0.261044,-0.017860
4,0,0.269076,-0.015915
4,0,0.277108,-0.013956
4,0,0.285141,-0.011985
4,0,0.293173,-0.010004
4,0,0.301205,-0.008013
4,0,0.309237,-0.006016
4,0,0.317269,-0.004014
4,0,0.325301,-0.002008
4,0,0.333333,0.000000
4,0,0.341365,0.002008
4,0,0.349398,0.004014
4,0,0.357430,0.006016
4,0,0.365462,0.008013
4,0,0.373494,0.010004
4,0,0.381526,0.011985
4,0,0.389558,0.013956
4,0,0.397590,0.015915
4,0,0.405622,0.017860
4,0,0.413655,0.019789
4,0,0.421687,0.021700
4,0,0.429719,0.023593
4,0,0.437751,0.025464
4,0,0.445783,0.027313
4,0,0.453815,0.029137
4,0,0.461847,0.030935
4,0,0.469880,0.032704
4,0,0.477912,0.034445
4,0,0.485944,0.036153
4,0,0.493976,0.037829
4,0,0.502008,0.039469
4,0,0.510040,0.041073
4,0,0.518072,0.042638
4,0,0.526104,0.044163
4,0,0.534137,0.045646
4,0,0.542169,0.047086
4,0,0.550201,0.048480
4,0,0.558233,0.049826
4,0,0.566265,0.051124
4,0,0.574297,0.052371
4,0,0.582329,0.053565
4,0,0.590361,0.054706
4,0,0.598394,0.055790
4,0,0.606426,0.056817
4,0,0.614458,0.057784
4,0,0.622490,0.058690
4,0,0.630522,0.059533
4,0,0.638554,0.060311
4,0,0.646586,0.061023
4,0,0.654618,0.061666
4,0,0.662651,0.062240
4,0,0.670683,0.062742
4,0,0.678715,0.063170
4,0,0.686747,0.063524
4,0,0.694779,0.063800
4,0,0.702811,0.063998
4,0,0.710843,0.064115
4,0,0.718876,0.064150
4,0,0.726908,0.064101
4,0,0.734940,0.063966
4,0,0.742972,0.063744
4,0,0.751004,0.063433
4,0,0.759036,0.063030
4,0,0.767068,0.062536
4,0,0.775100,0.061946
4,0,0.783133,0.061261
4,0,0.791165,0.060477
4,0,0.799197,0.059594
4,0,0.807229,0.058609
4,0,0.815261,0.057521
4,0,0.823293,0.056329
4,0,0.831325,0.055029
4,0,0.839357,0.053621
4,0,0.847390,0.052103
4,0,0.855422,0.050473
4,0,0.863454,0.048730
4,0,0.871486,0.046871
4,0,0.879518,0.044894
4,0,0.887550,0.042799
4,0,0.895582,0.040583
4,0,0.903614,0.038245
4,0,0.911647,0.035783
4,0,0.919679,0.033194
4,0,0.927711,0.030478
4,0,0.935743,0.027633
4,0,0.943775,0.024656
4,0,0.951807,0.021546
4,0,0.959839,0.018302
4,0,0.967871,0.014922
4,0,0.975904,0.011403
4,0,0.983936,0.007744
4,0,0.991968,0.003944
4,0,1.000000,-0.000000
4,1,-1.000000,0.000000
4,1,-0.991968,0.035783
4,1,-0.983936,0.070845
4,1,-0.975904,0.105191
4,1,-0.967871,0.138828
4,1,-0.959839,0.171760
4,1,-0.951807,0.203992
4,1,-0.943775,0.235530
4,1,-0.935743,0.266379
4,1,-0.927711,0.296544
4,1,-0.919679,0.326030
4,1,-0.911647,0.354844
4,1,-0.903614,0.382989
4,1,-0.895582,0.410471
4,1,-0.887550,0.437296
4,1,-0.879518,0.463468
4,1,-0.871486,0.488993
4,1,-0.863454,0.513877
4,1,-0.855422,0.538123
4,1,-0.847390,0.561739
4,1,-0.839357,0.584728
4,1,-0.831325,0.607097
4,1,-0.823293,0.628850
4,1,-0.815261,0.649992
4,1,-0.807229,0.670529
4,1,-0.799197,0.690467
4,1,-0.791165,0.709810
4,1,-0.783133,0.728563
4,1,-0.775100,0.746733
4,1,-0.767068,0.764323
4,1,-0.759036,0.781340
4,1,-0.751004,0.797788
4,1,-0.742972,0.813674
4,1,-0.734940,0.829001
4,1,-0.726908,0.843776
4,1,-0.718876,0.858003
4,1,-0.710843,0.871688
4,1,-0.702811,0.884836
4,1,-0.694779,0.897453
4,1,-0.686747,0.909543
4,1,-0.678715,0.921112
4,1,-0.670683,0.932165
4,1,-0.662651,0.942708
4,1,-0.654618,0.952745
4,1,-0.646586,0.962281
4,1,-0.638554,0.971323
4,1,-0.630522,0.979875
4,1,-0.622490,0.987943
4,1,-0.614458,0.995532
4,1,-0.606426,1.002646
4,1,-0.598394,1.009292
4,1,-0.590361,1.015474
4,1,-0.582329,1.021198
4,1,-0.574297,1.026470
4,1,-0.566265,1.031293
4,1,-0.558233,1.035674
4,1,-0.550201,1.039618
4,1,-0.542169,1.043130
4,1,-0.534137,1.046215
4,1,-0.526104,1.048878
4,1,-0.518072,1.051126
4,1,-0.510040,1.052962
4,1,-0.502008,1.054393
4,1,-0.493976,1.055423
4,1,-0.485944,1.056058
4,1,-0.477912,1.056302
4,1,-0.469880,1.056163
4,1,-0.461847,1.055643
4,1,-0.453815,1.054749
4,1,-0.445783,1.053487
4,1,-0.437751,1.051860
4,1,-0.429719,1.049875
4,1,-0.421687,1.047537
4,1,-0.413655,1.044851
4,1,-0.405622,1.041822
4,1,-0.397590,1.038455
4,1,-0.389558,1.034756
4,1,-0.381526,1.030730
4,1,-0.373494,1.026382
4,1,-0.365462,1.021718
4,1,-0.357430,1.016742
4,1,-0.349398,1.011461
4,1,-0.341365,1.005878
4,1,-0.333333,1.000000
4,1,-0.325301,0.993832
4,1,-0.317269,0.987378
4,1,-0.309237,0.980645
4,1,-0.301205,0.973637
4,1,-0.293173,0.966360
4,1,-0.285141,0.958819
4,1,-0.277108,0.951018
4,1,-0.269076,0.942965
4,1,-0.261044,0.934663
4,1,-0.253012,0.926118
4,1,-0.244980,0.917335
4,1,-0.236948,0.908319
4,1,-0.228916,0.899076
4,1,-0.220884,0.889611
4,1,-0.212851,0.879929
4,1,-0.204819,0.870036
4,1,-0.196787,0.859936
4,1,-0.188755,0.849635
4,1,-0.180723,0.839138
4,1,-0.172691,0.828450
4,1,-0.164659,0.817577
4,1,-0.156627,0.806524
4,1,-0.148594,0.795296
4,1,-0.140562,0.783899
4,1,-0.132530,0.772337
4,1,-0.124498,0.760615
4,1,-0.116466,0.748740
4,1,-0.108434,0.736717
4,1,-0.100402,0.724550
4,1,-0.092369,0.712244
4,1,-0.084337,0.699806
4,1,-0.076305,0.687240
4,1,-0.068273,0.674552
4,1,-0.060241,0.661746
4,1,-0.052209,0.648829
4,1,-0.044177,0.635805
4,1,-0.036145,0.622679
4,1,-0.028112,0.609458
4,1,-0.020080,0.596145
4,1,-0.012048,0.582747
4,1,-0.004016,0.569268
4,1,0.004016,0.555714
4,1,0.012048,0.542090
4,1,0.020080,0.528401
4,1,0.028112,0.514653
4,1,0.036145,0.500851
4,1,0.044177,0.487000
4,1,0.052209,0.473104
4,1,0.060241,0.459171
4,1,0.068273,0.445204
4,1,0.076305,0.431210
4,1,0.084337,0.417192
4,1,0.092369,0.403157
4,1,0.100402,0.389110
4,1,0.108434,0.375056
4,1,0.116466,0.361000
4,1,0.124498,0.346947
4,1,0.132530,0.332904
4,1,0.140562,0.318874
4,1,0.148594,0.304864
4,1,0.156627,0.290878
4,1,0.164659,0.276921
4,1,0.172691,0.263000
4,1,0.180723,0.249119
4,1,0.188755,0.235283
4,1,0.196787,0.221499
4,1,0.204819,0.207770
4,1,0.212851,0.194102
4,1,0.220884,0.180501
4,1,0.228916,0.166971
4,1,0.236948,0.153519
4,1,0.244980,0.140148
4,1,0.253012,0.126865
4,1,0.261044,0.113675
4,1,0.269076,0.100583
4,1,0.277108,0.087594
4,1,0.285141,0.074713
4,1,0.293173,0.061946
4,1,0.301205,0.049298
4,1,0.309237,0.036774
4,1,0.317269,0.024380
4,1,0.325301,0.012120
4,1,0.333333,-0.000000
4,1,0.341365,-0.011975
4,1,0.349398,-0.023799
4,1,0.357430,-0.035468
4,1,0.365462,-0.046976
4,1,0.373494,-0.058317
4,1,0.381526,-0.069487
4,1,0.389558,-0.080481
4,1,0.397590,-0.091293
4,1,0.405622,-0.101917
4,1,0.413655,-0.112350
4,1,0.421687,-0.122584
4,1,0.429719,-0.132616
4,1,0.437751,-0.142439
4,1,0.445783,-0.152050
4,1,0.453815,-0.161441
4,1,0.461847,-0.170609
4,1,0.469880,-0.179548
4,1,0.477912,-0.188252
4,1,0.485944,-0.196717
4,1,0.493976,-0.204936
4,1,0.502008,-0.212906
4,1,0.510040,-0.220621
4,1,0.518072,-0.228074
4,1,0.526104,-0.235262
4,1,0.534137,-0.242179
4,1,0.542169,-0.248820
4,1,0.550201,-0.255179
4,1,0.558233,-0.261251
4,1,0.566265,-0.267031
4,1,0.574297,-0.272514
4,1,0.582329,-0.277694
4,1,0.590361,-0.282567
4,1,0.598394,-0.287126
4,1,0.606426,-0.291367
4,1,0.614458,-0.295285
4,1,0.622490,-0.298874
4,1,0.630522,-0.302128
4,1,0.638554,-0.305044
4,1,0.646586,-0.307615
4,1,0.654618,-0.309836
4,1,0.662651,-0.311702
4,1,0.670683,-0.313208
4,1,0.678715,-0.314348
4,1,0.686747,-0.315117
4,1,0.694779,-0.315511
4,1,0.702811,-0.315523
4,1,0.710843,-0.315149
4,1,0.718876,-0.314383
4,1,0.726908,-0.313220
4,1,0.734940,-0.311655
4,1,0.742972,-0.309682
4,1,0.751004,-0.307296
4,1,0.759036,-0.304493
4,1,0.767068,-0.301266
4,1,0.775100,-0.297611
4,1,0.783133,-0.293522
4,1,0.791165,-0.288994
4,1,0.799197,-0.284022
4,1,0.807229,-0.278600
4,1,0.815261,-0.272724
4,1,0.823293,-0.266388
4,1,0.831325,-0.259586
4,1,0.839357,-0.252314
4,1,0.847390,-0.244567
4,1,0.855422,-0.236338
4,1,0.863454,-0.227623
4,1,0.871486,-0.218417
4,1,0.879518,-0.208714
4,1,0.887550,-0.198509
4,1,0.895582,-0.187797
4,1,0.903614,-0.176573
4,1,0.911647,-0.164831
4,1,0.919679,-0.152566
4,1,0.927711,-0.139772
4,1,0.935743,-0.126446
4,1,0.943775,-0.112580
4,1,0.951807,-0.098171
4,1,0.959839,-0.083213
4,1,0.967871,-0.067700
4,1,0.975904,-0.051628
4,1,0.983936,-0.034990
4,1,0.991968,-0.017783
4,1,1.000000,0.000000
4,2,-1.000000,-0.000000
4,2,-0.991968,-0.017783
4,2,-0.983936,-0.034990
4,2,-0.975904,-0.051628
4,2,-0.967871,-0.067700
4,2,-0.959839,-0.083213
4,2,-0.951807,-0.098171
4,2,-0.943775,-0.112580
4,2,-0.935743,-0.126446
4,2,-0.927711,-0.139772
4,2,-0.919679,-0.152566
4,2,-0.911647,-0.164831
4,2,-0.903614,-0.176573
4,2,-0.895582,-0.187797
4,2,-0.887550,-0.198509
4,2,-0.879518,-0.208714
4,2,-0.871486,-0.218417
4,2,-0.863454,-0.227623
4,2,-0.855422,-0.236338
4,2,-0.847390,-0.244567
4,2,-0.839357,-0.252314
4,2,-0.831325,-0.259586
4,2,-0.823293,-0.266388
4,2,-0.815261,-0.272724
4,2,-0.807229,-0.278600
4,2,-0.799197,-0.284022
4,2,-0.791165,-0.288994
4,2,-0.783133,-0.293522
4,2,-0.775100,-0.297611
4,2,-0.767068,-0.301266
4,2,-0.759036,-0.304493
4,2,-0.751004,-0.307296
4,2,-0.742972,-0.309682
4,2,-0.734940,-0.311655
4,2,-0.726908,-0.313220
4,2,-0.718876,-0.314383
4,2,-0.710843,-0.315149
4,2,-0.702811,-0.315523
4,2,-0.694779,-0.315511
4,2,-0.686747,-0.315117
4,2,-0.678715,-0.314348
4,2,-0.670683,-0.313208
4,2,-0.662651,-0.311702
4,2,-0.654618,-0.309836
4,2,-0.646586,-0.307615
4,2,-0.638554,-0.305044
4,2,-0.630522,-0.302128
4,2,-0.622490,-0.298874
4,2,-0.614458,-0.295285
4,2,-0.606426,-0.291367
4,2,-0.598394,-0.287126
4,2,-0.590361,-0.282567
4,2,-0.582329,-0.277694
4,2,-0.574297,-0.272514
4,2,-0.566265,-0.267031
4,2,-0.558233,-0.261251
4,2,-0.550201,-0.255179
4,2,-0.542169,-0.248820
4,2,-0.534137,-0.242179
4,2,-0.526104,-0.235262
4,2,-0.518072,-0.228074
4,2,-0.510040,-0.220621
4,2,-0.502008,-0.212906
4,2,-0.493976,-0.204936
4,2,-0.485944,-0.196717
4,2,-0.477912,-0.188252
4,2,-0.469880,-0.179548
4,2,-0.461847,-0.170609
4,2,-0.453815,-0.161441
4,2,-0.445783,-0.152050
4,2,-0.437751,-0.142439
4,2,-0.429719,-0.132616
4,2,-0.421687,-0.122584
4,2,-0.413655,-0.112350
4,2,-0.405622,-0.101917
4,2,-0.397590,-0.091293
4,2,-0.389558,-0.080481
4,2,-0.381526,-0.069487
4,2,-0.373494,-0.058317
4,2,-0.365462,-0.046976
4,2,-0.357430,-0.035468
4,2,-0.349398,-0.023799
4,2,-0.341365,-0.011975
4,2,-0.333333,0.000000
4,2,-0.325301,0.012120
4,2,-0.317269,0.024380
4,2,-0.309237,0.036774
4,2,-0.301205,0.049298
4,2,-0.293173,0.061946
4,2,-0.285141,0.074713
4,2,-0.277108,0.087594
4,2,-0.269076,0.100583
4,2,-0.261044,0.113675
4,2,-0.253012,0.126865
4,2,-0.244980,0.140148
4,2,-0.236948,0.153519
4,2,-0.228916,0.166971
4,2,-0.220884,0.180501
4,2,-0.212851,0.194102
4,2,-0.204819,0.207770
4,2,-0.196787,0.221499
4,2,-0.188755,0.235283
4,2,-0.180723,0.249119
4,2,-0.172691,0.263000
4,2,-0.164659,0.276921
4,2,-0.156627,0.290878
4,2,-0.148594,0.304864
4,2,-0.140562,0.318874
4,2,-0.132530,0.332904
4,2,-0.124498,0.346947
4,2,-0.116466,0.361000
4,2,-0.108434,0.375056
4,2,-0.100402,0.389110
4,2,-0.092369,0.403157
4,2,-0.084337,0.417192
4,2,-0.076305,0.431210
4,2,-0.068273,0.445204
4,2,-0.060241,0.459171
4,2,-0.052209,0.473104
4,2,-0.044177,0.487000
4,2,-0.036145,0.500851
4,2,-0.028112,0.514653
4,2,-0.020080,0.528401
4,2,-0.012048,0.542090
4,2,-0.004016,0.555714
4,2,0.004016,0.569268
4,2,0.012048,0.582747
4,2,0.020080,0.596145
4,2,0.028112,0.609458
4,2,0.036145,0.622679
4,2,0.044177,0.635805
4,2,0.052209,0.648829
4,2,0.060241,0.661746
4,2,0.068273,0.674552
4,2,0.076305,0.687240
4,2,0.084337,0.699806
4,2,0.092369,0.712244
4,2,0.100402,0.724550
4,2,0.108434,0.736717
4,2,0.116466,0.748740
4,2,0.124498,0.760615
4,2,0.132530,0.772337
4,2,0.140562,0.783899
4,2,0.148594,0.795296
4,2,0.156627,0.806524
4,2,0.164659,0.817577
4,2,0.172691,0.828450
4,2,0.180723,0.839138
4,2,0.188755,0.849635
4,2,0.196787,0.859936
4,2,0.204819,0.870036
4,2,0.212851,0.879929
4,2,0.220884,0.889611
4,2,0.228916,0.899076
4,2,0.236948,0.908319
4,2,0.244980,0.917335
4,2,0.253012,0.926118
4,2,0.261044,0.934663
4,2,0.269076,0.942965
4,2,0.277108,0.951018
4,2,0.285141,0.958819
4,2,0.293173,0.966360
4,2,0.301205,0.973637
4,2,0.309237,0.980645
4,2,0.317269,0.987378
4,2,0.325301,0.993832
4,2,0.333333,1.000000
4,2,0.341365,1.005878
4,2,0.349398,1.011461
4,2,0.357430,1.016742
4,2,0.365462,1.021718
4,2,0.373494,1.026382
4,2,0.381526,1.030730
4,2,0.389558,1.034756
4,2,0.397590,1.038455
4,2,0.405622,1.041822
4,2,0.413655,1.044851
4,2,0.421687,1.047537
4,2,0.429719,1.049875
4,2,0.437751,1.051860
4,2,0.445783,1.053487
4,2,0.453815,1.054749
4,2,0.461847,1.055643
4,2,0.469880,1.056163
4,2,0.477912,1.056302
4,2,0.485944,1.056058
4,2,0.493976,1.055423
4,2,0.502008,1.054393
4,2,0.510040,1.052962
4,2,0.518072,1.051126
4,2,0.526104,1.048878
4,2,0.534137,1.046215
4,2,0.542169,1.043130
4,2,0.550201,1.039618
4,2,0.558233,1.035674
4,2,0.566265,1.031293
4,2,0.574297,1.026470
4,2,0.582329,1.021198
4,2,0.590361,1.015474
4,2,0.598394,1.009292
4,2,0.606426,1.002646
4,2,0.614458,0.995532
4,2,0.622490,0.987943
4,2,0.630522,0.979875
4,2,0.638554,0.971323
4,2,0.646586,0.962281
4,2,0.654618,0.952745
4,2,0.662651,0.942708
4,2,0.670683,0.932165
4,2,0.678715,0.921112
4,2,0.686747,0.909543
4,2,0.694779,0.897453
4,2,0.702811,0.884836
4,2,0.710843,0.871688
4,2,0.718876,0.858003
4,2,0.726908,0.843776
4,2,0.734940,0.829001
4,2,0.742972,0.813674
4,2,0.751004,0.797788
4,2,0.759036,0.781340
4,2,0.767068,0.764323
4,2,0.775100,0.746733
4,2,0.783133,0.728563
4,2,0.791165,0.709810
4,2,0.799197,0.690467
4,2,0.807229,0.670529
4,2,0.815261,0.649992
4,2,0.823293,0.628850
4,2,0.831325,0.607097
4,2,0.839357,0.584728
4,2,0.847390,0.561739
4,2,0.855422,0.538123
4,2,0.863454,0.513877
4,2,0.871486,0.488993
4,2,0.879518,0.463468
4,2,0.887550,0.437296
4,2,0.895582,0.410471
4,2,0.903614,0.382989
4,2,0.911647,0.354844
4,2,0.919679,0.326030
4,2,0.927711,0.296544
4,2,0.935743,0.266379
4,2,0.943775,0.235530
4,2,0.951807,0.203992
4,2,0.959839,0.171760
4,2,0.967871,0.138828
4,2,0.975904,0.105191
4,2,0.983936,0.070845
4,2,0.991968,0.035783
4,2,1.000000,-0.000000
4,3,-1.000000,0.000000
4,3,-0.991968,0.003944
4,3,-0.983936,0.007744
4,3,-0.975904,0.011403
4,3,-0.967871,0.014922
4,3,-0.959839,0.018302
4,3,-0.951807,0.021546
4,3,-0.943775,0.024656
4,3,-0.935743,0.027633
4,3,-0.927711,0.030478
4,3,-0.919679,0.033194
4,3,-0.911647,0.035783
4,3,-0.903614,0.038245
4,3,-0.895582,0.040583
4,3,-0.887550,0.042799
4,3,-0.879518,0.044894
4,3,-0.871486,0.046871
4,3,-0.863454,0.048730
4,3,-0.855422,0.050473
4,3,-0.847390,0.052103
4,3,-0.839357,0.053621
4,3,-0.831325,0.055029
4,3,-0.823293,0.056329
4,3,-0.815261,0.057521
4,3,-0.807229,0.058609
4,3,-0.799197,0.059594
4,3,-0.791165,0.060477
4,3,-0.783133,0.061261
4,3,-0.775100,0.061946
4,3,-0.767068,0.062536
4,3,-0.759036,0.063030
4,3,-0.751004,0.063433
4,3,-0.742972,0.063744
4,3,-0.734940,0.063966
4,3,-0.726908,0.064101
4,3,-0.718876,0.064150
4,3,-0.710843,0.064115
4,3,-0.702811,0.063998
4,3,-0.694779,0.063800
4,3,-0.686747,0.063524
4,3,-0.678715,0.063170
4,3,-0.670683,0.062742
4,3,-0.662651,0.062240
4,3,-0.654618,0.061666
4,3,-0.646586,0.061023
4,3,-0.638554,0.060311
4,3,-0.630522,0.059533
4,3,-0.622490,0.058690
4,3,-0.614458,0.057784
4,3,-0.606426,0.056817
4,3,-0.598394,0.055790
4,3,-0.590361,0.054706
4,3,-0.582329,0.053565
4,3,-0.574297,0.052371
4,3,-0.566265,0.051124
4,3,-0.558233,0.049826
4,3,-0.550201,0.048480
4,3,-0.542169,0.047086
4,3,-0.534137,0.045646
4,3,-0.526104,0.044163
4,3,-0.518072,0.042638
4,3,-0.510040,0.041073
4,3,-0.502008,0.039469
4,3,-0.493976,0.037829
4,3,-0.485944,0.036153
4,3,-0.477912,0.034445
4,3,-0.469880,0.032704
4,3,-0.461847,0.030935
4,3,-0.453815,0.029137
4,3,-0.445783,0.027313
4,3,-0.437751,0.025464
4,3,-0.429719,0.023593
4,3,-0.421687,0.021700
4,3,-0.413655,0.019789
4,3,-0.405622,0.017860
4,3,-0.397590,0.015915
4,3,-0.389558,0.013956
4,3,-0.381526,0.011985
4,3,-0.373494,0.010004
4,3,-0.365462,0.008013
4,3,-0.357430,0.006016
4,3,-0.349398,0.004014
4,3,-0.341365,0.002008
4,3,-0.333333,-0.000000
4,3,-0.325301,-0.002008
4,3,-0.317269,-0.004014
4,3,-0.309237,-0.006016
4,3,-0.301205,-0.008013
4,3,-0.293173,-0.010004
4,3,-0.285141,-0.011985
4,3,-0.277108,-0.013956
4,3,-0.269076,-0.015915
4,3,-0.261044,-0.017860
4,3,-0.253012,-0.019789
4,3,-0.244980,-0.021700
4,3,-0.236948,-0.023593
4,3,-0.228916,-0.025464
4,3,-0.220884,-0.027313
4,3,-0.212851,-0.029137
4,3,-0.204819,-0.030935
4,3,-0.196787,-0.032704
4,3,-0.188755,-0.034445
4,3,-0.180723,-0.036153
4,3,-0.172691,-0.037829
4,3,-0.164659,-0.039469
4,3,-0.156627,-0.041073
4,3,-0.148594,-0.042638
4,3,-0.140562,-0.044163
4,3,-0.132530,-0.045646
4,3,-0.124498,-0.047086
4,3,-0.116466,-0.048480
4,3,-0.108434,-0.049826
4,3,-0.100402,-0.051124
4,3,-0.092369,-0.052371
4,3,-0.084337,-0.053565
4,3,-0.076305,-0.054706
4,3,-0.068273,-0.055790
4,3,-0.060241,-0.056817
4,3,-0.052209,-0.057784
4,3,-0.044177,-0.058690
4,3,-0.036145,-0.059533
4,3,-0.028112,-0.060311
4,3,-0.020080,-0.061023
4,3,-0.012048,-0.061666
4,3,-0.004016,-0.062240
4,3,0.004016,-0.062742
4,3,0.012048,-0.063170
4,3,0.020080,-0.063524
4,3,0.028112,-0.063800
4,3,0.036145,-0.063998
4,3,0.044177,-0.064115
4,3,0.052209,-0.064150
4,3,0.060241,-0.064101
4,3,0.068273,-0.063966
4,3,0.076305,-0.063744
4,3,0.084337,-0.063433
4,3,0.092369,-0.063030
4,3,0.100402,-0.062536
4,3,0.108434,-0.061946
4,3,0.116466,-0.061261
4,3,0.124498,-0.060477
4,3,0.132530,-0.059594
4,3,0.140562,-0.058609
4,3,0.148594,-0.057521
4,3,0.156627,-0.056329
4,3,0.164659,-0.055029
4,3,0.172691,-0.053621
4,3,0.180723,-0.052103
4,3,0.188755,-0.050473
4,3,0.196787,-0.048730
4,3,0.204819,-0.046871
4,3,0.212851,-0.044894
4,3,0.220884,-0.042799
4,3,0.228916,-0.040583
4,3,0.236948,-0.038245
4,3,0.244980,-0.035783
4,3,0.253012,-0.033194
4,3,0.261044,-0.030478
4,3,0.269076,-0.027633
4,3,0.277108,-0.024656
4,3,0.285141,-0.021546
4,3,0.293173,-0.018302
4,3,0.301205,-0.014922
4,3,0.309237,-0.011403
4,3,0.317269,-0.007744
4,3,0.325301,-0.003944
4,3,0.333333,0.000000
4,3,0.341365,0.004089
4,3,0.349398,0.008325
4,3,0.357430,0.012709
4,3,0.365462,0.017244
4,3,0.373494,0.021931
4,3,0.381526,0.026772
4,3,0.389558,0.031769
4,3,0.397590,0.036923
4,3,0.405622,0.042236
4,3,0.413655,0.047710
4,3,0.421687,0.053347
4,3,0.429719,0.059148
4,3,0.437751,0.065115
4,3,0.445783,0.071250
4,3,0.453815,0.077555
4,3,0.461847,0.084031
4,3,0.469880,0.090681
4,3,0.477912,0.097505
4,3,0.485944,0.104506
4,3,0.493976,0.111685
4,3,0.502008,0.119044
4,3,0.510040,0.126586
4,3,0.518072,0.134311
4,3,0.526104,0.142221
4,3,0.534137,0.150318
4,3,0.542169,0.158605
4,3,0.550201,0.167081
4,3,0.558233,0.175751
4,3,0.566265,0.184614
4,3,0.574297,0.193674
4,3,0.582329,0.202930
4,3,0.590361,0.212387
4,3,0.598394,0.222044
4,3,0.606426,0.231905
4,3,0.614458,0.241969
4,3,0.622490,0.252241
4,3,0.630522,0.262720
4,3,0.638554,0.273410
4,3,0.646586,0.284310
4,3,0.654618,0.295425
4,3,0.662651,0.306754
4,3,0.670683,0.318300
4,3,0.678715,0.330065
4,3,0.686747,0.342050
4,3,0.694779,0.354258
4,3,0.702811,0.366689
4,3,0.710843,0.379346
4,3,0.718876,0.392230
4,3,0.726908,0.405343
4,3,0.734940,0.418687
4,3,0.742972,0.432264
4,3,0.751004,0.446075
4,3,0.759036,0.460122
4,3,0.767068,0.474407
4,3,0.775100,0.488932
4,3,0.783133,0.503698
4,3,0.791165,0.518707
4,3,0.799197,0.533961
4,3,0.807229,0.549462
4,3,0.815261,0.565210
4,3,0.823293,0.581209
4,3,0.831325,0.597460
4,3,0.839357,0.613965
4,3,0.847390,0.630724
4,3,0.855422,0.647741
4,3,0.863454,0.665017
4,3,0.871486,0.682553
4,3,0.879518,0.700352
4,3,0.887550,0.718414
4,3,0.895582,0.736743
4,3,0.903614,0.755339
4,3,0.911647,0.774204
4,3,0.919679,0.793341
4,3,0.927711,0.812750
4,3,0.935743,0.832434
4,3,0.943775,0.852394
4,3,0.951807,0.872633
4,3,0.959839,0.893151
4,3,0.967871,0.913950
4,3,0.975904,0.935034
4,3,0.983936,0.956402
4,3,0.991968,0.978057
4,3,1.000000,1.000000
